{
	"format_version": "1.16.100",
	"minecraft:item": {
		"description": {
			"identifier": "amep:spawn_cable",
			"category": "equipment"
		},
		"components": {
			"minecraft:use_duration": 2,
			"minecraft:on_use": {
				"on_use": {
					"event": "amep:on_use"
				}
			},
			"minecraft:display_name": {
				"value": "Power Cable"
			},
			"minecraft:icon": {
				"texture": "spawn_cable"
			},
			"minecraft:render_offsets": {
				"main_hand": {
				   "third_person": {
					  "position": [1.0, 1.5, 0.0],
						"scale": [0.04, 0.04, 0.04]
					 },
				   "first_person": {
					  "position": [2.54, -0.8, -4.4],
					  "scale": [0.05, 0.05, 0.05]
				   }
				 }
		   }
		},
		"events": {
			"amep:on_use": {
				"sequence": [
					{
						"run_command": {
							"command": [
								"clear @s amep:spawn_cable 0 1",
								"give @s amep:cable"
							]
						}
					},
					{
						"swing": {
						}
					}
				]
			}
		}
	}
}