{
   "format_version": "1.16.100",
   "minecraft:block": {
      "description": {
         "identifier": "amep:empty_tank",
         "register_to_creative_menu": true
      },
      "components": {
         "minecraft:material_instances": {
            "*": {
               "texture": "empty_tank",
               "render_method": "alpha_test"
            }
         },
         "minecraft:pick_collision": {
             "origin":  [-8, 0, -8],
             "size":    [16, 16, 16]
         },
         "minecraft:destroy_time": 1,
         "minecraft:loot": "loot_tables/blocks/empty_tank.json",
         "minecraft:on_interact": {
            "event": "amep:interact"
         }
      },
      "events": {
         "amep:interact": {
            "sequence": [
               {
                  "condition": "query.get_equipped_item_name == 'lava_bucket'",
                  "set_block": { "block_type": "amep:lava_tank_0" },
                  "run_command": {
                     "command": [
                        "give @p bucket",
                        "playsound bucket.empty_lava @p"
                     ]
                  },
                  "decrement_stack": {}
               },
               {
                  "condition": "query.get_equipped_item_name == 'water_bucket'",
                  "set_block": { "block_type": "amep:water_tank_0" },
                  "run_command": {
                     "command": [
                        "give @p bucket",
                        "playsound bucket.empty_water @p"
                     ]
                  },
                  "decrement_stack": {}
               }
            ]
         }
      }
   }
}