{
    "pools": [
        {
            "rolls": {
                "min": 5,
                "max": 7
            },
            "entries": [
                {
                    "type": "item",
                    "weight": 300,
                    "name": "vatonage:pebble"
                },
                {
                    "type": "item",
                    "weight": 100,
                    "name": "minecraft:sapling"
                },
                {
                    "type": "item",
                    "weight": 70,
                    "name": "minecraft:leaves"
                },
                {
                    "type": "item",
                    "weight": 20,
                    "name": "minecraft:apple"
                },
                {
                    "type": "item",
                    "weight": 15,
                    "name": "minecraft:wheat_seeds"
                },
                {
                    "type": "item",
                    "weight": 15,
                    "name": "minecraft:bone_meal"
                },
                {
                    "type": "item",
                    "weight": 5,
                    "name": "minecraft:bamboo"
                },
                {
                    "type": "item",
                    "weight": 5,
                    "name": "minecraft:kelp"
                },
                {
                    "type": "item",
                    "weight": 5,
                    "name": "minecraft:sugar_cane"
                },
                {
                    "type": "item",
                    "weight": 5,
                    "name": "minecraft:cactus"
                },
                {
                    "type": "item",
                    "weight": 1,
                    "name": "minecraft:scute"
                },
                {
                    "type": "item",
                    "weight": 10,
                    "name": "minecraft:slime_ball"
                },
                {
                    "type": "item",
                    "weight": 20,
                    "name": "minecraft:charcoal"
                }
            ]
        }
    ]
}