{
   "format_version": "1.16.100",
   "minecraft:block": {
      "description": {
         "identifier": "vatonage:ammonia_mixer",
         "register_to_creative_menu": true,
         "properties": {
            "vatonage:nitrogen":[
               0,
               1
            ],
            "vatonage:hydrogen":[
               0,
               1
            ]
         }
      },
      "components": {
         "minecraft:creative_category": {
		"category": "construction"
	},
         "minecraft:pick_collision": {
             "origin":  [-8, 0, -8],
             "size":    [16, 16, 16]
         },
         "minecraft:entity_collision": {
             "origin":  [-8, 0, -8],
             "size":    [16, 16, 16]
         },
         "minecraft:geometry": "geometry.geothermal_generator",
         "minecraft:destroy_time": 1,
         "tag:power_cable": {},
         "minecraft:part_visibility": {
             "rules": {
                 "lava": "q.block_property('vatonage:nitrogen') == 1",
                 "oil": "q.block_property('vatonage:hydrogen') == 1"
             }
         },
         "tag:fluid_cable": {},
         "tag:gas_cable": {},
         "minecraft:block_light_absorption": 0,
               "minecraft:material_instances":{
                  "*":{
                     "texture":"ammonia_mixer",
                     "render_method":"alpha_test"
                  }
               }
      },
      "events":{
         "vatonage:generate": {
             "randomize": [
                 {
                    "condition": "q.block_neighbor_has_any_tag(0,-1,0,'fluided_cable')",
                     "weight":1,
                     "run_command": {
                         "command": [
                                    "setblock ~ ~-1 ~ vatonage:fluid_cable_ammonia"
                                    ]
                     }
                 },
                 {
                    "condition": "q.block_neighbor_has_any_tag(0,1,0,'fluided_cable')",
                     "weight":1,
                     "run_command": {
                         "command": [
                                    "setblock ~ ~1 ~ vatonage:fluid_cable_ammonia"
                                    ]
                     }
                 },
                 {
                    "condition": "q.block_neighbor_has_any_tag(1,0,0,'fluided_cable')",
                     "weight":1,
                     "run_command": {
                         "command": [
                                    "setblock ~1 ~ ~ vatonage:fluid_cable_ammonia"
                                    ]
                     }
                 },
                 {
                     "condition": "q.block_neighbor_has_any_tag(-1,0,0,'fluided_cable')",
                     "weight":1,
                     "run_command": {
                         "command": [
                                    "setblock ~-1 ~ ~ vatonage:fluid_cable_ammonia"
                                    ]
                     }
                 },
                 {
                     "condition": "q.block_neighbor_has_any_tag(0,0,1,'fluided_cable')",
                     "weight":1,
                     "run_command": {
                         "command": [
                                    "setblock ~ ~ ~1 vatonage:fluid_cable_ammonia"
                                    ]
                     }
                 },
                 {
                     "condition": "q.block_neighbor_has_any_tag(0,0,-1,'fluided_cable')",
                     "weight":1,
                     "run_command": {
                         "command": [
                                    "setblock ~ ~ ~-1 vatonage:fluid_cable_ammonia"
                                    ]
                     }
                 }
             ]
         },
         "vatonage:place":{
            "set_block_property":{
               "vatonage:data":"(query.cardinal_facing_2d)"
            }
         },
         "vatonage:powered":{
             "set_block_property": {
                "vatonage:nitrogen": 1
             }
         },
         "vatonage:powered2":{
             "set_block_property": {
                "vatonage:hydrogen": 1
             }
         },
         "vatonage:powered4":{
                     "trigger": {
                         "event": "vatonage:generate"
                     },
                    "set_block_property": {
                "vatonage:hydrogen": 0,
                "vatonage:nitrogen": 0
                    }
         },
         "vatonage:auto":{
             "randomize": [
                 {
                     "condition": "q.block_neighbor_has_any_tag(0,-1,0,'nitrogen_gas') && query.block_property('vatonage:nitrogen') == 0",
                     "weight":1,
                     "run_command": {
                         "command": [
                                    "setblock ~ ~-1 ~ vatonage:gas_cable"
                                    ]
                     },
                     "trigger": {
                         "event": "vatonage:powered"
                     }
                 },
                 {
                    "condition": "q.block_neighbor_has_any_tag(0,1,0,'nitrogen_gas') && query.block_property('vatonage:nitrogen') == 0",
                     "weight":1,
                     "run_command": {
                         "command": [
                                    "setblock ~ ~1 ~ vatonage:gas_cable"
                                    ]
                     },
                     "trigger": {
                         "event": "vatonage:powered"
                     }
                 },
                 {
                    "condition": "q.block_neighbor_has_any_tag(1,0,0,'nitrogen_gas') && query.block_property('vatonage:nitrogen') == 0",
                     "weight":1,
                     "run_command": {
                         "command": [
                                    "setblock ~1 ~ ~ vatonage:gas_cable"
                                    ]
                     },
                     "trigger": {
                         "event": "vatonage:powered"
                     }
                 },
                 {
                     "condition": "q.block_neighbor_has_any_tag(-1,0,0,'nitrogen_gas') && query.block_property('vatonage:nitrogen') == 0",
                     "weight":1,
                     "run_command": {
                         "command": [
                                    "setblock ~-1 ~ ~ vatonage:gas_cable"
                                    ]
                     },
                     "trigger": {
                         "event": "vatonage:powered"
                     }
                 },
                 {
                     "condition": "q.block_neighbor_has_any_tag(0,0,1,'nitrogen_gas') && query.block_property('vatonage:nitrogen') == 0",
                     "weight":1,
                     "run_command": {
                         "command": [
                                    "setblock ~ ~ ~1 vatonage:gas_cable"
                                    ]
                     },
                     "trigger": {
                         "event": "vatonage:powered"
                     }
                 },
                 {
                     "condition": "q.block_neighbor_has_any_tag(0,0,-1,'nitrogen_gas') && query.block_property('vatonage:nitrogen') == 0",
                     "weight":1,
                     "run_command": {
                         "command": [
                                    "setblock ~ ~ ~-1 vatonage:gas_cable"
                                    ]
                     },
                     "trigger": {
                         "event": "vatonage:powered"
                     }
                 },

                 {
                     "condition": "q.block_neighbor_has_any_tag(0,-1,0,'hydrogen_gas') && query.block_property('vatonage:hydrogen') == 0",
                     "weight":1,
                     "run_command": {
                         "command": [
                                    "setblock ~ ~-1 ~ vatonage:gas_cable"
                                    ]
                     },
                     "trigger": {
                         "event": "vatonage:powered2"
                     }
                 },
                 {
                    "condition": "q.block_neighbor_has_any_tag(0,1,0,'hydrogen_gas') && query.block_property('vatonage:hydrogen') == 0",
                     "weight":1,
                     "run_command": {
                         "command": [
                                    "setblock ~ ~1 ~ vatonage:gas_cable"
                                    ]
                     },
                     "trigger": {
                         "event": "vatonage:powered2"
                     }
                 },
                 {
                    "condition": "q.block_neighbor_has_any_tag(1,0,0,'hydrogen_gas') && query.block_property('vatonage:hydrogen') == 0",
                     "weight":1,
                     "run_command": {
                         "command": [
                                    "setblock ~1 ~ ~ vatonage:gas_cable"
                                    ]
                     },
                     "trigger": {
                         "event": "vatonage:powered2"
                     }
                 },
                 {
                     "condition": "q.block_neighbor_has_any_tag(-1,0,0,'hydrogen_gas') && query.block_property('vatonage:hydrogen') == 0",
                     "weight":1,
                     "run_command": {
                         "command": [
                                    "setblock ~-1 ~ ~ vatonage:gas_cable"
                                    ]
                     },
                     "trigger": {
                         "event": "vatonage:powered2"
                     }
                 },
                 {
                     "condition": "q.block_neighbor_has_any_tag(0,0,1,'hydrogen_gas') && query.block_property('vatonage:hydrogen') == 0",
                     "weight":1,
                     "run_command": {
                         "command": [
                                    "setblock ~ ~ ~1 vatonage:gas_cable"
                                    ]
                     },
                     "trigger": {
                         "event": "vatonage:powered2"
                     }
                 },
                 {
                     "condition": "q.block_neighbor_has_any_tag(0,0,-1,'hydrogen_gas') && query.block_property('vatonage:hydrogen') == 0",
                     "weight":1,
                     "run_command": {
                         "command": [
                                    "setblock ~ ~ ~-1 vatonage:gas_cable"
                                    ]
                     },
                     "trigger": {
                         "event": "vatonage:powered2"
                     }
                 }
             ]
         },
         "vatonage:energy":{
             "randomize": [
                 {
                     "condition": "q.block_neighbor_has_any_tag(0,-1,0,'charged')",
                     "weight":1,
                     "run_command": {
                         "command": [
                                    "setblock ~ ~-1 ~ vatonage:power_cable"
                                    ]
                     },
                     "trigger": {
                         "event": "vatonage:powered4"
                     }
                 },
                 {
                    "condition": "q.block_neighbor_has_any_tag(0,1,0,'charged')",
                     "weight":1,
                     "run_command": {
                         "command": [
                                    "setblock ~ ~1 ~ vatonage:power_cable"
                                    ]
                     },
                     "trigger": {
                         "event": "vatonage:powered4"
                     }
                 },
                 {
                    "condition": "q.block_neighbor_has_any_tag(1,0,0,'charged')",
                     "weight":1,
                     "run_command": {
                         "command": [
                                    "setblock ~1 ~ ~ vatonage:power_cable"
                                    ]
                     },
                     "trigger": {
                         "event": "vatonage:powered4"
                     }
                 },
                 {
                     "condition": "q.block_neighbor_has_any_tag(-1,0,0,'charged')",
                     "weight":1,
                     "run_command": {
                         "command": [
                                    "setblock ~-1 ~ ~ vatonage:power_cable"
                                    ]
                     },
                     "trigger": {
                         "event": "vatonage:powered4"
                     }
                 },
                 {
                     "condition": "q.block_neighbor_has_any_tag(0,0,1,'charged')",
                     "weight":1,
                     "run_command": {
                         "command": [
                                    "setblock ~ ~ ~1 vatonage:power_cable"
                                    ]
                     },
                     "trigger": {
                         "event": "vatonage:powered4"
                     }
                 },
                 {
                     "condition": "q.block_neighbor_has_any_tag(0,0,-1,'charged')",
                     "weight":1,
                     "run_command": {
                         "command": [
                                    "setblock ~ ~ ~-1 vatonage:power_cable"
                                    ]
                     },
                     "trigger": {
                         "event": "vatonage:powered4"
                     }
                 }
             ]
         }
      },
      "permutations":[
         {
            "condition":"query.block_property('vatonage:nitrogen') == 0 || query.block_property('vatonage:hydrogen') == 0",
            "components":{
               "minecraft:ticking": {
                  "looping": true,
                  "range": [ 0.4, 0.4 ],
                  "on_tick": {
                     "event": "vatonage:auto",
                     "target": "self"
                  }
               }
            }
         },
         {
            "condition":"query.block_property('vatonage:nitrogen') == 1 && query.block_property('vatonage:hydrogen') == 1",
            "components":{
               "minecraft:ticking": {
                  "looping": true,
                  "range": [ 0.19, 0.19 ],
                  "on_tick": {
                     "event": "vatonage:energy",
                     "target": "self"
                  }
               }
            }
         }
      ]
   }
}