{
   "format_version": "1.16.100",
   "minecraft:block": {
      "description": {
         "identifier": "vatonage:coal_generator",
         "register_to_creative_menu": true,
         "properties": {
            "vatonage:data":[
               2,
               3,
               4,
               5
            ]
         }
      },
      "components": {
         "minecraft:creative_category": {
		"category": "construction"
	},
         "minecraft:pick_collision": {
             "origin":  [-8, 0, -8],
             "size":    [16, 16, 16]
         },
         "minecraft:entity_collision": {
             "origin":  [-8, 0, -8],
             "size":    [16, 1, 16]
         },
         "minecraft:geometry": "geometry.imcoal_generator",
         "minecraft:destroy_time": 1,
         "tag:power_cable": {},
         "minecraft:on_player_placing":{
            "event":"vatonage:place"
         },
               "minecraft:material_instances":{
                  "*":{
                     "texture":"imcoal_generator",
                     "render_method":"alpha_test"
                  }
               },
         "minecraft:block_light_absorption": 0
      },
      "events":{
         "vatonage:place":{
            "set_block_property":{
               "vatonage:data":"(query.cardinal_facing_2d)"
            }
         },
         "vatonage:energy1":{
            "run_command": {
               "command": [
                  "execute @e[name=coal,r=0.7] ~ ~ ~ fill ~ ~ ~-1 ~ ~ ~-1 vatonage:powered_cable 0 replace vatonage:power_cable",
                  "kill @e[name=coal,r=0.7]"
               ]
            }
         },
         "vatonage:energy2":{
            "run_command": {
               "command": [
                  "execute @e[name=coal,r=0.7] ~ ~ ~ fill ~ ~ ~1 ~ ~ ~1 vatonage:powered_cable 0 replace vatonage:power_cable",
                  "kill @e[name=coal,r=0.7]"
               ]
            }
         },
         "vatonage:energy3":{
            "run_command": {
               "command": [
                  "execute @e[name=coal,r=0.7] ~ ~ ~ fill ~-1 ~ ~ ~-1 ~ ~ vatonage:powered_cable 0 replace vatonage:power_cable",
                  "kill @e[name=coal,r=0.7]"
               ]
            }
         },
         "vatonage:energy4":{
            "run_command": {
               "command": [
                  "execute @e[name=coal,r=0.7] ~ ~ ~ fill ~1 ~ ~ ~1 ~ ~ vatonage:powered_cable 0 replace vatonage:power_cable",
                  "kill @e[name=coal,r=0.7]"
               ]
            }
         }
      },
      "permutations":[
         {
            "condition":"query.block_property('vatonage:data') == 2",
            "components":{
               "minecraft:rotation":[
                  0,
                  0,
                  0
               ],
               "minecraft:ticking": {
                  "looping": true,
                  "range": [ 1, 1 ],
                  "on_tick": {
                     "event": "vatonage:energy1",
                     "target": "self"
                  }
               }
            }
         },
         {
            "condition":"query.block_property('vatonage:data') == 3",
            "components":{
               "minecraft:rotation":[
                  0,
                  180,
                  0
               ],
               "minecraft:ticking": {
                  "looping": true,
                  "range": [ 1, 1 ],
                  "on_tick": {
                     "event": "vatonage:energy2",
                     "target": "self"
                  }
               }
            }
         },
         {
            "condition":"query.block_property('vatonage:data') == 4",
            "components":{
               "minecraft:rotation":[
                  0,
                  90,
                  0
               ],
               "minecraft:ticking": {
                  "looping": true,
                  "range": [ 1, 1 ],
                  "on_tick": {
                     "event": "vatonage:energy3",
                     "target": "self"
                  }
               }
            }
         },
         {
            "condition":"query.block_property('vatonage:data') == 5",
            "components":{
               "minecraft:rotation":[
                  0,
                  270,
                  0
               ],
               "minecraft:ticking": {
                  "looping": true,
                  "range": [ 1, 1 ],
                  "on_tick": {
                     "event": "vatonage:energy4",
                     "target": "self"
                  }
               }
            }
         }
      ]
   }
}