{
   "format_version": "1.16.100",
   "minecraft:block": {
      "description": {
         "identifier": "vatonage:drill",
         "register_to_creative_menu": true
      },
      "components": {
         "minecraft:creative_category": {
		"category": "construction"
	},
         "minecraft:material_instances": {
            "*": {
               "texture": "imdrill",
               "render_method": "alpha_test"
            }
         },
         "minecraft:pick_collision": {
             "origin":  [-8, 0, -8],
             "size":    [16, 16, 16]
         },
         "minecraft:entity_collision": {
             "origin":  [-8, 0, -8],
             "size":    [16, 16, 16]
         },
         "minecraft:ticking": {
            "looping": true,
            "range": [ 0.19, 0.19 ],
            "on_tick": {
               "event": "vatonage:energy",
               "target": "self"
            }
         },
         "minecraft:geometry": "geometry.imdrill",
         "minecraft:destroy_time": 1,
         "tag:power_cable": {},
         "minecraft:block_light_absorption": 0
      },
      "events":{
         "vatonage:powered":{
             "run_command": {
                  "command": [
                  "summon vatonage:activate_drill ~ ~-0.5 ~"
                  ]
             }
         },
         "vatonage:energy":{
             "randomize": [
                 {
                     "condition": "q.block_neighbor_has_any_tag(0,-1,0,'charged')",
                     "weight":1,
                     "run_command": {
                         "command": [
                                    "setblock ~ ~-1 ~ vatonage:power_cable"
                                    ]
                     },
                     "trigger": {
                         "event": "vatonage:powered"
                     }
                 },
                 {
                    "condition": "q.block_neighbor_has_any_tag(0,1,0,'charged')",
                     "weight":1,
                     "run_command": {
                         "command": [
                                    "setblock ~ ~1 ~ vatonage:power_cable"
                                    ]
                     },
                     "trigger": {
                         "event": "vatonage:powered"
                     }
                 },
                 {
                    "condition": "q.block_neighbor_has_any_tag(1,0,0,'charged')",
                     "weight":1,
                     "run_command": {
                         "command": [
                                    "setblock ~1 ~ ~ vatonage:power_cable"
                                    ]
                     },
                     "trigger": {
                         "event": "vatonage:powered"
                     }
                 },
                 {
                     "condition": "q.block_neighbor_has_any_tag(-1,0,0,'charged')",
                     "weight":1,
                     "run_command": {
                         "command": [
                                    "setblock ~-1 ~ ~ vatonage:power_cable"
                                    ]
                     },
                     "trigger": {
                         "event": "vatonage:powered"
                     }
                 },
                 {
                     "condition": "q.block_neighbor_has_any_tag(0,0,1,'charged')",
                     "weight":1,
                     "run_command": {
                         "command": [
                                    "setblock ~ ~ ~1 vatonage:power_cable"
                                    ]
                     },
                     "trigger": {
                         "event": "vatonage:powered"
                     }
                 },
                 {
                     "condition": "q.block_neighbor_has_any_tag(0,0,-1,'charged')",
                     "weight":1,
                     "run_command": {
                         "command": [
                                    "setblock ~ ~ ~-1 vatonage:power_cable"
                                    ]
                     },
                     "trigger": {
                         "event": "vatonage:powered"
                     }
                 }
             ]
         }
      }
   }
}