{
   "format_version": "1.16.100",
   "minecraft:block": {
      "description": {
         "identifier": "vatonage:exp_transmitter",
         "register_to_creative_menu": true
      },
      "components": {
         "minecraft:creative_category": {
		"category": "construction"
	},
         "minecraft:material_instances": {
            "*": {
               "texture": "exp_transmitter",
               "render_method": "alpha_test"
            }
         },
         "minecraft:pick_collision": {
             "origin":  [-2, 6, -2],
             "size":    [4, 10, 4]
         },
         "minecraft:entity_collision": {
             "origin":  [-2, 6, -2],
             "size":    [4, 10, 4]
         },
         "tag:exp_transmitter": {},
         "minecraft:geometry": "geometry.exp_transmitter",
         "minecraft:destroy_time": 0.5,
         "minecraft:block_light_absorption": 0
      }
   }
}