{
   "format_version":"1.16.0",
   "minecraft:block":{
      "description":{
         "identifier":"vatonage:fluid_cable",
         "properties":{
            "vatonage:top":[
               0,
               1
            ],
            "vatonage:bottom":[
               0,
               1
            ],
            "vatonage:north":[
               0,
               1
            ],
            "vatonage:south":[
               0,
               1
            ],
            "vatonage:east":[
               0,
               1
            ],
            "vatonage:west":[
               0,
               1
            ],
            "vatonage:on":[
               0,
               1
            ]
         }
      },
      "components":{
         "minecraft:creative_category": {
		"category": "construction"
	},
         "minecraft:material_instances":{
            "*":{
               "texture":"imfluid_cable",
               "render_method":"alpha_test"
            }
         },
         "minecraft:pick_collision": {
             "origin":  [-4, 4, -4],
             "size":    [8, 8, 8]
         },
         "minecraft:entity_collision": {
             "origin":  [-4, 4, -4],
             "size":    [8, 8, 8]
         },
         "tag:fluid_cable": {},
         "minecraft:ticking": {
            "looping": true,
            "range": [ 0, 0 ],
            "on_tick": {
               "event": "vatonage:place",
               "target": "self"
            }
         },
         "minecraft:part_visibility": {
             "rules": {
                 "top": "q.block_property('vatonage:top') == 1",
                 "bottom": "q.block_property('vatonage:bottom') == 1",
                 "north": "q.block_property('vatonage:north') == 1",
                 "east": "q.block_property('vatonage:east') == 1",
                 "south": "q.block_property('vatonage:south') == 1",
                 "west": "q.block_property('vatonage:west') == 1"
             }
         },
         "minecraft:geometry":"geometry.impower_cable",
         "minecraft:destroy_time":0.3,
         "minecraft:on_placed":{
            "event":"vatonage:place"
         },
         "minecraft:block_light_absorption":0
      },
      "events":{
         "vatonage:activate":{
            "set_block_property": {
                "vatonage:on": 1
            }
         },
         "vatonage:place":{
            "sequence":[
                {
                    "condition": "q.block_neighbor_has_any_tag(0,0,-1,'fluid_cable')",
                    "set_block_property": {
                        "vatonage:north": 1
                    }
                },
                {
                    "condition": "!q.block_neighbor_has_any_tag(0,0,-1,'fluid_cable')",
                    "set_block_property": {
                        "vatonage:north": 0
                    }
                },
                {
                    "condition": "q.block_neighbor_has_any_tag(0,0,1,'fluid_cable')",
                    "set_block_property": {
                        "vatonage:south": 1
                    }
                },
                {
                    "condition": "!q.block_neighbor_has_any_tag(0,0,1,'fluid_cable')",
                    "set_block_property": {
                        "vatonage:south": 0
                    }
                },
                {
                    "condition": "q.block_neighbor_has_any_tag(-1,0,0,'fluid_cable')",
                    "set_block_property": {
                        "vatonage:east": 1
                    }
                },
                {
                    "condition": "!q.block_neighbor_has_any_tag(-1,0,0,'fluid_cable')",
                    "set_block_property": {
                        "vatonage:east": 0
                    }
                },
                {
                    "condition": "q.block_neighbor_has_any_tag(1,0,0,'fluid_cable')",
                    "set_block_property": {
                        "vatonage:west": 1
                    }
                },
                {
                    "condition": "!q.block_neighbor_has_any_tag(1,0,0,'fluid_cable')",
                    "set_block_property": {
                        "vatonage:west": 0
                    }
                },
                {
                    "condition": "q.block_neighbor_has_any_tag(0,1,0,'fluid_cable')",
                    "set_block_property": {
                        "vatonage:top": 1
                    }
                },
                {
                    "condition": "!q.block_neighbor_has_any_tag(0,1,0,'fluid_cable')",
                    "set_block_property": {
                        "vatonage:top": 0
                    }
                },
                {
                    "condition": "q.block_neighbor_has_any_tag(0,-1,0,'fluid_cable')",
                    "set_block_property": {
                        "vatonage:bottom": 1
                    }
                },
                {
                    "condition": "!q.block_neighbor_has_any_tag(0,-1,0,'fluid_cable')",
                    "set_block_property": {
                        "vatonage:bottom": 0
                    }
                }
            ]
         }
      },
      "permutations":[
         {
            "condition":"query.block_property('vatonage:on') == 0",
            "components":{
               "minecraft:ticking": {
                  "looping": true,
                  "range": [ 0.35, 0.35 ],
                  "on_tick": {
                     "event": "vatonage:activate",
                     "target": "self"
                  }
               }
            }
         },
         {
            "condition":"query.block_property('vatonage:on') == 1",
            "components":{
               "tag:fluided_cable": {}
            }
         }
      ]
   }
}