{
  "format_version": "1.12",
  "minecraft:recipe_shaped": {
    "description": {
    "identifier": "amep:spawn_battery0"
    },

    
    "tags": [ "crafting_table" ],
    "pattern": [
      "RDR",
      "DED",
      "RDR"
    ],
    "key": {
      "D": {
        "item": "minecraft:diamond_block"
      },
      "E": {
        "item": "spawn_egg",
        "data": "query.get_actor_info_id('vatonage:power_core')"
      },
      "R": {
        "item": "minecraft:redstone_block"
      }
    },
    "result": {
      "item": "spawn_egg",
      "data": "query.get_actor_info_id('amep:battery0')"
    }
  }
}
