{
  "format_version": "1.12",
  "minecraft:recipe_shaped": {
    "description": {
    "identifier": "amep:radiation_shield"
    },

    
    "tags": [ "crafting_table" ],
    "pattern": [
      "G G",
      "IBI",
      " I "
    ],
    "key": {
      "I": {
        "item": "minecraft:iron_ingot"
      },
      "B": {
        "item": "minecraft:emerald"
      },
      "G": {
        "item": "minecraft:redstone"
      }
    },
    "result": {
      "item": "amep:radiation_shield"
    }
  }
}
