{
  "format_version": "1.12",
  "minecraft:recipe_shaped": {
    "description": {
    "identifier": "amep:reactorrod"
    },

    
    "tags": [ "crafting_table" ],
    "pattern": [
      "GIG",
      "GBG",
      "GIG"
    ],
    "key": {
      "I": {
        "item": "minecraft:iron_ingot"
      },
      "B": {
        "item": "minecraft:blaze_powder"
      },
      "G": {
        "item": "minecraft:glass_pane"
      }
    },
    "result": {
      "item": "amep:reactorrod"
    }
  }
}
