{
  "format_version": "1.12",
  "minecraft:recipe_shaped": {
    "description": {
    "identifier": "amep:spawn_conveyor_slope2"
    },

    "tags": [ "crafting_table" ],
    "pattern": [
      "  A",
      " AR",
      "ARN"
    ],
    "key": {
      "A": {
        "item": "minecraft:iron_ingot"
      },
      "N": {
        "item": "minecraft:diamond"
      },
      "R": {
        "item": "minecraft:redstone"
      }
    },
    "result": {
      "item": "amep:spawn_conveyor_slope2",
      "count": 6
    }
  }
}
