<?xml version="1.0" encoding="utf-8" ?>
<dwsync>
<file name="database.php" server="vmax-studio.com" local="131521832800881888" remote="131521365600000000" Dst="0" />
<file name="config.php" server="vmax-studio.com" local="131526905593901672" remote="131527725000000000" Dst="0" />
<file name="autoload.php" server="vmax-studio.com" local="131528020037675459" remote="131527725000000000" Dst="0" />
<file name="doctypes.php" server="vmax-studio.com" local="131283955220000000" remote="131527725000000000" Dst="0" />
<file name="constants.php" server="vmax-studio.com" local="131283955220000000" remote="131527725000000000" Dst="0" />
<file name="foreign_chars.php" server="vmax-studio.com" local="131283955220000000" remote="131527725000000000" Dst="0" />
<file name="hooks.php" server="vmax-studio.com" local="131283955220000000" remote="131527725000000000" Dst="0" />
<file name="index.html" server="vmax-studio.com" local="131283955220000000" remote="131527725000000000" Dst="0" />
<file name="memcached.php" server="vmax-studio.com" local="131283955220000000" remote="131527725000000000" Dst="0" />
<file name="migration.php" server="vmax-studio.com" local="131283955220000000" remote="131527725000000000" Dst="0" />
<file name="mimes.php" server="vmax-studio.com" local="131283955220000000" remote="131527725000000000" Dst="0" />
<file name="profiler.php" server="vmax-studio.com" local="131283955220000000" remote="131527725000000000" Dst="0" />
<file name="routes.php" server="vmax-studio.com" local="131528029714945113" remote="131527725000000000" Dst="0" />
<file name="smileys.php" server="vmax-studio.com" local="131283955220000000" remote="131527725000000000" Dst="0" />
<file name="user_agents.php" server="vmax-studio.com" local="131283955220000000" remote="131527725000000000" Dst="0" />
</dwsync>