{
	"format_version": "1.16.0",
	"minecraft:entity": {
		"description": {
			"identifier": "astoragenet:storage_terminal",
			"runtime_identifier": "minecraft:ender_crystal",
			"is_spawnable": false,
			"is_summonable": true,
			"is_experimental": false
		},
		"component_groups": {
			"astoragenet:rotate_90": {
				"minecraft:variant": {
					"value": 1
				}
			},
			"astoragenet:rotate_180": {
				"minecraft:variant": {
					"value": 2
				}
			},
			"astoragenet:rotate_-90": {
				"minecraft:variant": {
					"value": 3
				}
			},
			"astoragenet:despawn": {
				"minecraft:instant_despawn": {}
			}
		},
		"components": {
			"minecraft:pushable": {
				"is_pushable": false,
				"is_pushable_by_piston": false
			},
			"minecraft:damage_sensor": {
				"triggers": {
					"cause": "all",
					"deals_damage": false
				}
			},
			"minecraft:interact": {
				"interactions": {
					"on_interact": {
						"event": "astoragenet:pickup"
					}
				}
			},
			"minecraft:inventory": {
				"private": true,
				"can_be_siphoned_from": false,
				"restrict_to_owner": true
			},
			"minecraft:persistent": {}
		},
		"events": {
			"astoragenet:rotate_90": {
				"add": {
					"component_groups": [
						"astoragenet:rotate_90"
					]
				}
			},
			"astoragenet:rotate_180": {
				"add": {
					"component_groups": [
						"astoragenet:rotate_180"
					]
				}
			},
			"astoragenet:rotate_-90": {
				"add": {
					"component_groups": [
						"astoragenet:rotate_-90"
					]
				}
			},
			"astoragenet:pickup": {
				"add": {
					"component_groups": [
						"astoragenet:despawn"
					]
				}
			}
		}
	}
}