{
	"format_version": "1.16.0",
	"minecraft:entity": {
		"description": {
			"identifier": "astoragenet:terminal_export_bus",
			"runtime_identifier": "minecraft:ender_crystal",
			"is_spawnable": false,
			"is_summonable": true,
			"is_experimental": false
		},
		"component_groups": {
			"astoragenet:despawn": {
				"minecraft:instant_despawn": {}
			}
		},
		"components": {
			"minecraft:pushable": {
				"is_pushable": false,
				"is_pushable_by_piston": false
			},
			"minecraft:damage_sensor": {
				"triggers": {
					"cause": "all",
					"deals_damage": false
				}
			},
			"minecraft:timer": {
				"looping": true,
				"time": [
					2,
					2
				],
				"time_down_event": {
					"event": "astoragenet:tick"
				}
			},
			"minecraft:interact": {
				"interactions": {
					"on_interact": {
						"event": "astoragenet:pickup"
					}
				}
			},
			"minecraft:collision_box": {
				"width": 0.5,
				"height": 1
			},
			"minecraft:persistent": {}
		},
		"events": {
			"astoragenet:tick": {},
			"astoragenet:pickup": {
				"run_command": {
					"command": [
						"give @p astoragenet:terminal_export_bus"
					]
				},
				"add": {
					"component_groups": [
						"astoragenet:despawn"
					]
				}
			}
		}
	}
}