{
	"format_version": "1.12",
	"minecraft:recipe_shaped": {
		"description": {
			"identifier": "astoragenet:storage_terminal"
		},
		"tags": [
			"crafting_table"
		],
		"pattern": [
			"NIN",
			"GCG",
			"NGN"
		],
		"key": {
			"N": {
				"item": "minecraft:iron_block"
			},
			"C": {
				"item": "astoragenet:storage_terminal_core"
			},
			"I": {
				"item": "astoragenet:storage_interface"
			},
			"G": {
				"item": "minecraft:gold_block"
			}
		},
		"result": {
			"item": "astoragenet:storage_terminal"
		}
	}
}