{
	"format_version": "1.12",
	"minecraft:recipe_shaped": {
		"description": {
			"identifier": "astoragenet:wireless_interface"
		},
		"tags": [
			"crafting_table"
		],
		"pattern": [
			"TRT",
			"TNT",
			"TET"
		],
		"key": {
			"N": {
				"item": "astoragenet:storage_interface"
			},
			"T": {
				"item": "minecraft:netherite_scrap"
			},
			"E": {
				"item": "minecraft:ender_chest"
			},
			"R": {
				"item": "astoragenet:wireless_receiver"
			}
		},
		"result": {
			"item": "astoragenet:wireless_interface"
		}
	}
}