{
	"format_version": "1.12",
	"minecraft:recipe_shaped": {
		"description": {
			"identifier": "astoragenet:wireless_receiver"
		},
		"tags": [
			"crafting_table"
		],
		"pattern": [
			"EAE",
			"GDG",
			"EAE"
		],
		"key": {
			"E": {
				"item": "minecraft:ender_pearl"
			},
			"A": {
				"item": "minecraft:amethyst_shard"
			},
			"G": {
				"item": "minecraft:gold_ingot"
			},
			"D": {
				"item": "minecraft:diamond"
			}
		},
		"result": {
			"item": "astoragenet:wireless_receiver"
		}
	}
}