{
   "format_version":"1.8.0",
   "minecraft:entity":{
      "description":{
         "identifier":"amep:quarry_mine_entity",
         "is_spawnable":false,
         "is_summonable":true,
         "is_experimental":false,
         "scripts":{
            "animate":[
               "walk"
            ]
         },
         "animations":{
            "walk":"controller.animation.quarry_mine"
         }
      },
      "components":{
         "minecraft:scale":{
            "value":0
         },
         "minecraft:damage_sensor": {
            "triggers": {
              "cause": "fall",
              "deals_damage": false
            }
          },
         "minecraft:physics": {
            "has_collision": true,
            "has_gravity": true
         }
      }
   }
}