{
   "format_version": "1.16.100",
   "minecraft:block": {
      "description": {
         "identifier": "amep:reactor_0",
         "register_to_creative_menu": true
      },
      "components": {
         "minecraft:material_instances": {
            "*": {
               "texture": "reactor_0",
               "render_method": "alpha_test"
            }
         },
         "minecraft:pick_collision": {
             "origin":  [-8, 0, -8],
             "size":    [16, 16, 16]
         },
         "minecraft:destroy_time": 1,
         "minecraft:loot": "loot_tables/blocks/reactor_0.json",
         "minecraft:on_interact": {
            "target": "other",
            "event": "amep:reactor_setup"
         }
      },
      "events": {
         "amep:reactor_setup": {
            "run_command": {
               "command": "summon amep:reactor_setup_entity"
            }
         }
      }
   }
}