{
   "format_version":"1.16.0",
   "minecraft:block":{
      "description":{
         "identifier":"amep:advancedconveyor_slopeDe"
      },
      "components":{
         "minecraft:material_instances":{
            "*":{
               "texture":"conveyorsloped2",
               "render_method":"alpha_test"
            }
         },
         "minecraft:pick_collision":{
            "origin":[
               -8,
               0,
               -8
            ],
            "size":[
               16,
               16,
               16
            ]
         },
         "minecraft:loot": "loot_tables/blocks/vatonageslopeconveyor2.json",
         "minecraft:entity_collision":{
            "origin":[
               -8,
               0,
               -8
            ],
            "size":[
               16,
               1,
               16
            ]
         },
         "minecraft:rotation":[ 0, 270, 0 ],
         "minecraft:geometry":"geometry.vatonageconveyorslope",
         "minecraft:destroy_time":0.5,
         "minecraft:block_light_absorption":0
      }
   }
}