{
	"format_version": "1.16.100",
	"minecraft:block": {
		"description": {
			"identifier": "astoragenet:terminal_import_bus"
		},
		"components": {
			"minecraft:creative_category": {
				"category": "items"
			},
			"minecraft:geometry": "geometry.astoragenet_terminal_import_bus_block",
			"minecraft:material_instances": {
				"*": {
					"texture": "astoragenet_terminal_import_bus",
					"render_method": "alpha_test"
				}
			},
			"minecraft:ticking": {
				"looping": false,
				"range": [
					0.4,
					0.4
				],
				"on_tick": {
					"event": "astoragenet:spawn"
				}
			}
		},
		"events": {
			"astoragenet:spawn": {
				"run_command": {
					"command": [
						"summon astoragenet:terminal_import_bus ~~-0.5~",
						"setblock ~~~ air"
					]
				}
			}
		}
	}
}