{
   "pools": [
      {
         "rolls": 1,
         "entries": [
            {
               "type": "item",
               "name": "amep:spawn_nreactor",
               "weight": 1
            }
         ]
      },
      {
         "rolls": 1,
         "entries": [
            {
               "type": "item",
               "name": "minecraft:diamond_block",
               "weight": 1,
               "functions": [
                  {
                    "function": "set_count",
                    "count": {
                      "min": 17,
                      "max": 17
                    }
                  }
                ]
            }
         ]
      },
      {
         "rolls": 1,
         "entries": [
            {
               "type": "item",
               "name": "minecraft:netherite_block",
               "weight": 1
            }
         ]
      }
   ]
}