{
   "pools": [
      {
         "rolls": 1,
         "entries": [
            {
               "type": "item",
               "name": "amep:spawn_reactor_0",
               "weight": 1
            }
         ]
      },
      {
         "rolls": 1,
         "entries": [
            {
               "type": "item",
               "name": "minecraft:gold_block",
               "weight": 1,
               "functions": [
                  {
                    "function": "set_count",
                    "count": {
                      "min": 25,
                      "max": 25
                    }
                  }
                ]
            }
         ]
      }
   ]
}